Date;Symbol;StartDate;EndDate;Offer;Close;Change;Std;Volume;Amount;MktCap
11/11/2015;AAAP;;;16;24,5;53,13 %;;;;
02/10/2014;AAC;;;15;18,5;23,33 %;;;;
26/09/2013;AAOI;;;10;9,96;-0,40 %;;;;
29/04/2015;AAPC;;;10;10,06;0,60 %;;;;
31/07/2014;AAVL;;;17;27,99;64,65 %;;;;
09/05/2014;ABDC;;;15;15,05;0,33 %;;;;
08/10/2015;ABTX;;;21;23,12;10,10 %;;;;
26/04/2012;ACRE;;;18,5;18;-2,70 %;;;;
07/10/2015;ACRS;;;11;11,05;0,45 %;;;;
11/02/2011;ACRX;;;5;4,55;-9,00 %;;;;
16/01/2014;ACSF;;;15;13,38;-10,80 %;;;;
06/05/2015;ADAP;;;17;16;-5,88 %;;;;
22/05/2013;ADHD;;;8;7,55;-5,63 %;;;;
17/10/2013;ADMA;;;8,5;8,55;0,59 %;;;;
10/04/2014;ADMS;;;16;14,01;-12,44 %;;;;
10/05/2012;ADNC;;;17;19;11,76 %;;;;
22/10/2010;AEGR;;;9,5;10,8;13,68 %;;;;
25/10/2013;AERI;;;10;10,61;6,10 %;;;;
12/09/2014;AFMD;;;7;5,7;-18,57 %;;;;
24/07/2013;AGIO;;;18;31,28;73,78 %;;;;
28/01/2011;AGRO;;;11;12;9,09 %;;;;
23/05/2014;AGRX;;;6;5,54;-7,67 %;;;;
27/03/2014;AGTC;;;12;14,76;23,00 %;;;;
08/05/2013;AHH;;;11,5;11,5;0,00 %;;;;
06/08/2015;AIMT;;;16;24,1;50,63 %;;;;
13/02/2015;AJX;;;14,25;14;-1,75 %;;;;
12/03/2014;AKAO;;;12;14,3;19,17 %;;;;
20/03/2014;AKBA;;;17;26,69;57,00 %;;;;
18/04/2011;AL;;;26,5;27,95;5,47 %;;;;
08/05/2014;ALDR;;;10;10,03;0,30 %;;;;
20/11/2012;ALDW;;;16;18,4;15,00 %;;;;
02/05/2014;ALDX;;;8;7,2;-10,00 %;;;;
22/04/2010;ALIM;;;11;11;0,00 %;;;;
10/04/2014;ALLY;;;25;23,98;-4,08 %;;;;
26/06/2015;ALRM;;;14;16,88;20,57 %;;;;
15/03/2012;ALSN;;;23;23,4;1,74 %;;;;
05/11/2014;AM;;;25;28,03;12,12 %;;;;
01/07/2010;AMAP;;;12,5;13,5;8,00 %;;;;
10/10/2012;AMBA;;;6;6,06;1,00 %;;;;
16/05/2013;AMBI;;;8;7,39;-7,63 %;;;;
21/03/2014;AMBR;;;13;17;30,77 %;;;;
18/12/2013;AMC;;;18;18,9;5,00 %;;;;
13/02/2014;AMDA;;;5,75;5,39;-6,26 %;;;;
01/08/2013;AMH;;;16;13,5;-15,63 %;;;;
27/07/2011;AMID;;;21;20,95;-0,24 %;;;;
25/06/2014;AMPH;;;7;8,75;25,00 %;;;;
22/07/2010;AMRC;;;10;10,17;1,70 %;;;;
28/09/2010;AMRS;;;16;16,5;3,13 %;;;;
24/11/2010;ANAC;;;5;5,09;1,80 %;;;;
06/06/2014;ANET;;;43;55;27,91 %;;;;
10/10/2012;ANFI;;;10;9,58;-4,20 %;;;;
01/03/2010;ANTH;;;7;7,01;0,14 %;;;;
29/04/2010;AOSL;;;18;17,7;-1,67 %;;;;
07/03/2013;APAM;;;30;38,83;29,43 %;;;;
24/04/2015;APIC;;;17;16,7;-1,76 %;;;;
30/03/2011;APO;;;19;18,2;-4,21 %;;;;
26/06/2015;APPF;;;12;14,08;17,33 %;;;;
01/04/2011;APTS;;;10;9,85;-1,50 %;;;;
07/03/2014;AQXP;;;11;11,95;8,64 %;;;;
10/10/2013;AR;;;44;52,01;18,20 %;;;;
14/04/2011;ARCO;;;17;21,2;24,71 %;;;;
06/11/2013;ARCX;;;19;19;0,00 %;;;;
19/06/2014;ARDX;;;14;14,11;0,79 %;;;;
02/05/2014;ARES;;;19;18,6;-2,11 %;;;;
07/02/2014;ARGS;;;8;8;0,00 %;;;;
12/12/2013;ARMK;;;20;22,7;13,50 %;;;;
09/05/2013;ARPI;;;21;21;0,00 %;;;;
01/08/2013;ASC;;;14;15,6;11,43 %;;;;
28/01/2015;ASND;;;18;18,83;4,61 %;;;;
13/06/2014;ASPN;;;11;10,75;-2,27 %;;;;
05/02/2014;ASPX;;;11;15,66;42,36 %;;;;
21/03/2014;ATEN;;;15;16,21;8,07 %;;;;
02/08/2013;ATHL;;;20;27,56;37,80 %;;;;
11/12/2013;ATHM;;;17;30,07;76,88 %;;;;
08/11/2012;ATOS;;;5;4,8;-4,00 %;;;;
16/10/2014;ATRA;;;11;10,65;-3,18 %;;;;
02/10/2014;ATTO;;;15;12,96;-13,60 %;;;;
12/03/2010;AVEO;;;9;9;0,00 %;;;;
30/01/2015;AVGR;;;13;13,5;3,85 %;;;;
06/11/2013;AVH;;;15;14;-6,67 %;;;;
10/02/2015;AVNU;;;11;11,85;7,73 %;;;;
12/12/2014;AVOL;;;20;18,5;-7,50 %;;;;
29/06/2011;AWAY;;;27;40,21;48,93 %;;;;
11/06/2015;AXON;;;15;29,9;99,33 %;;;;
19/11/2015;AXSM;;;9;9,07;0,78 %;;;;
12/11/2014;AXTA;;;19,5;20,75;6,41 %;;;;
13/06/2014;AY;;;29;37;27,59 %;;;;
19/09/2014;BABA;;;68;93,89;38,07 %;;;;
17/11/2010;BAH;;;17;19,25;13,24 %;;;;
10/03/2010;BALT;;;14;13,96;-0,29 %;;;;
07/11/2013;BANX;;;25;25;0,00 %;;;;
21/10/2010;BBRG;;;14;15,9;13,57 %;;;;
06/02/2013;BCC;;;21;26,15;24,52 %;;;;
28/01/2011;BCDS;;;10,5;10,5;0,00 %;;;;
17/02/2012;BCOV;;;11;14,3;30,00 %;;;;
06/11/2013;BCRH;;;20;18,9;-5,50 %;;;;
04/10/2012;BERY;;;16;15,2;-5,00 %;;;;
05/08/2015;BETR;;;18;16,14;-10,33 %;;;;
25/01/2013;BFAM;;;22;28,32;28,73 %;;;;
04/02/2011;BGMD;;;7;8,05;15,00 %;;;;
05/02/2014;BIOC;;;10;9,4;-6,00 %;;;;
17/11/2010;BITA;;;12;12,45;3,75 %;;;;
19/05/2015;BKFS;;;24,5;27,11;10,65 %;;;;
28/01/2011;BKU;;;27;28,4;5,19 %;;;;
18/12/2014;BLCM;;;19;23,88;25,68 %;;;;
08/08/2012;BLMN;;;11;12,41;12,82 %;;;;
20/04/2012;BLOX;;;16;21,3;33,13 %;;;;
13/02/2015;BLPH;;;12;8,97;-25,25 %;;;;
20/06/2013;BLUE;;;17;26,39;55,24 %;;;;
18/09/2013;BNFT;;;26,5;53,55;102,08 %;;;;
28/03/2012;BNNY;;;19;35,92;89,05 %;;;;
15/10/2010;BODY;;;13;13;0,00 %;;;;
08/05/2015;BOJA;;;19;23,75;25,00 %;;;;
09/12/2010;BONA;;;8,5;6,6;-22,35 %;;;;
30/10/2014;BOOT;;;16;17,45;9,06 %;;;;
30/04/2015;BPMC;;;18;18,87;4,83 %;;;;
21/03/2014;BRDR;;;16;20;25,00 %;;;;
23/05/2013;BRSS;;;11;13,55;23,18 %;;;;
30/10/2013;BRX;;;20;20,4;2,00 %;;;;
16/06/2010;BSFT;;;9;8,3;-7,78 %;;;;
01/05/2015;BSM;;;19;18,24;-4,00 %;;;;
26/09/2012;BSMX;;;12,18;12,91;5,95 %;;;;
22/07/2015;BUFF;;;20;27,2;36,00 %;;;;
02/10/2013;BURL;;;17;25,01;47,12 %;;;;
24/02/2012;BV;;;12;16,51;37,58 %;;;;
19/06/2015;CAFD;;;21;20,49;-2,43 %;;;;
02/10/2014;CALA;;;10;9,41;-5,90 %;;;;
24/03/2010;CALX;;;13;15,1;16,15 %;;;;
31/01/2014;CARA;;;11;12,91;17,36 %;;;;
11/08/2011;CARB;;;10;12,35;23,50 %;;;;
25/06/2015;CATB;;;12;13;8,33 %;;;;
20/09/2012;CBF;;;18;18,19;1,06 %;;;;
15/06/2010;CBOE;;;29;32,49;12,03 %;;;;
05/02/2014;CBPX;;;14;15,19;8,50 %;;;;
09/04/2015;CBYL;;;5;5,56;11,20 %;;;;
13/08/2013;CCCR;;;6,5;6,39;-1,69 %;;;;
14/10/2010;CCG;;;12,5;12,51;0,08 %;;;;
01/10/2010;CCIH;;;13,9;27,15;95,32 %;;;;
18/06/2014;CCS;;;23;21,25;-7,61 %;;;;
28/09/2010;CCSC;;;16,5;24,3;47,27 %;;;;
08/02/2012;CCXI;;;10;11;10,00 %;;;;
17/07/2014;CDNA;;;10;9,05;-9,50 %;;;;
15/04/2015;CDTX;;;16;16;0,00 %;;;;
27/06/2013;CDW;;;17;18,37;8,06 %;;;;
22/04/2010;CDXS;;;13;13,26;2,00 %;;;;
15/01/2014;CELP;;;20;21,3;6,50 %;;;;
03/02/2012;CEMP;;;6;6,06;1,00 %;;;;
21/02/2012;CERE;;;13;14,8;13,85 %;;;;
10/04/2014;CERU;;;7;6,85;-2,14 %;;;;
24/09/2014;CFG;;;21,5;23,08;7,35 %;;;;
01/07/2015;CFMS;;;15;19,25;28,33 %;;;;
03/05/2012;CG;;;22;22,05;0,23 %;;;;
28/07/2011;CHEF;;;15;17,5;16,67 %;;;;
13/11/2013;CHGG;;;12,5;9,68;-22,56 %;;;;
16/07/2015;CHMA;;;16;20;25,00 %;;;;
03/10/2013;CHMI;;;20;18,48;-7,60 %;;;;
05/05/2010;CHRM;;;9,5;9,4;-1,05 %;;;;
06/11/2014;CHRS;;;13,5;12,61;-6,59 %;;;;
24/07/2012;CHUY;;;13;15,06;15,85 %;;;;
13/09/2013;CINR;;;19;18;-5,26 %;;;;
20/07/2010;CIS;;;11;10,65;-3,18 %;;;;
17/09/2014;CIVI;;;17;16,61;-2,29 %;;;;
06/05/2015;CLCD;;;10;8;-20,00 %;;;;
30/01/2014;CLDN;;;8;8,18;2,25 %;;;;
25/04/2012;CLIR;;;4;4,2;5,00 %;;;;
16/11/2011;CLVS;;;13;12,56;-3,38 %;;;;
08/05/2014;CMCM;;;14;14,1;0,71 %;;;;
06/02/2014;CMFN;;;15;15,81;5,40 %;;;;
04/11/2010;CMRE;;;12;11,85;-1,25 %;;;;
11/04/2013;CMRX;;;14;18,79;34,21 %;;;;
25/07/2013;CNAT;;;11;9,5;-13,64 %;;;;
13/02/2014;CNCE;;;14;14,18;1,29 %;;;;
13/08/2015;CNFR;;;10,5;10,5;0,00 %;;;;
25/09/2014;CNNX;;;22;30,4;38,18 %;;;;
12/02/2013;CNOB;;;28;29,65;5,89 %;;;;
20/11/2014;CNV;;;7;7,15;2,14 %;;;;
29/04/2010;CNVO;;;9;10,24;13,78 %;;;;
01/07/2015;CNXC;;;15;15,41;2,73 %;;;;
12/12/2014;CNXR;;;8;8,8;10,00 %;;;;
07/05/2015;COLL;;;12;12,29;2,42 %;;;;
25/10/2013;COMM;;;15;14,99;-0,07 %;;;;
18/01/2013;CONE;;;19;21,2;11,58 %;;;;
23/09/2010;COR;;;16;16,01;0,06 %;;;;
03/04/2014;CORI;;;8;8;0,00 %;;;;
13/06/2013;COTY;;;17,5;17,36;-0,80 %;;;;
26/09/2013;COVS;;;10;12,31;23,10 %;;;;
06/02/2015;CPPL;;;23;26,79;16,48 %;;;;
25/09/2013;CPTA;;;20;18,8;-6,00 %;;;;
24/01/2014;CRCM;;;17;24,3;42,94 %;;;;
30/10/2013;CRTO;;;31;35,39;14,16 %;;;;
12/03/2010;CRU;;;19;19;0,00 %;;;;
13/03/2014;CSLT;;;16;39,8;148,75 %;;;;
17/03/2011;CSOD;;;13;19,07;46,69 %;;;;
22/03/2012;CSTE;;;11;11,11;1,00 %;;;;
23/05/2013;CSTM;;;15;14,53;-3,13 %;;;;
31/07/2014;CTLT;;;20,5;19,99;-2,49 %;;;;
08/10/2015;CTMX;;;12;12,9;7,50 %;;;;
08/12/2010;CTP;;;13;13;0,00 %;;;;
02/08/2013;CTRL;;;16;20,5;28,13 %;;;;
06/11/2013;CUDA;;;18;21,55;19,72 %;;;;
17/01/2013;CVRR;;;25;25,05;0,20 %;;;;
09/08/2013;CVT;;;21;32,92;56,76 %;;;;
24/09/2014;CYBR;;;16;29,93;87,06 %;;;;
09/05/2013;CYNI;;;11;11,14;1,27 %;;;;
08/02/2012;CZR;;;9;15,39;71,00 %;;;;
08/12/2010;DANG;;;16;29,91;86,94 %;;;;
17/05/2013;DATA;;;31;50,75;63,71 %;;;;
11/05/2011;DATE;;;11;10,52;-4,36 %;;;;
17/04/2012;DCIN;;;6,1;6,17;1,15 %;;;;
06/02/2015;DEA;;;15;15,5;3,33 %;;;;
03/10/2014;DERM;;;16;15,55;-2,81 %;;;;
27/07/2012;DFRG;;;13;13;0,00 %;;;;
02/11/2012;DKL;;;21;22,35;6,43 %;;;;
13/11/2013;DLNG;;;18;18;0,00 %;;;;
17/11/2011;DLPH;;;22;21,33;-3,05 %;;;;
20/11/2015;DLTH;;;12;13,36;11,33 %;;;;
15/10/2014;DM;;;21;26,41;25,76 %;;;;
16/07/2015;DNAI;;;17;30,8;81,18 %;;;;
27/07/2011;DNKN;;;19;27,85;46,58 %;;;;
10/10/2014;DPLO;;;13;16,02;23,23 %;;;;
07/10/2010;DQ;;;9,5;10,25;7,89 %;;;;
19/07/2013;DRII;;;14;16,15;15,36 %;;;;
30/01/2014;DRNA;;;15;46;206,67 %;;;;
19/07/2012;DRTX;;;9;9,04;0,44 %;;;;
07/08/2014;DSKY;;;15;16,1;7,33 %;;;;
05/06/2015;DTEA;;;19;27;42,11 %;;;;
15/03/2012;DWRE;;;16;23,85;49,06 %;;;;
06/08/2014;EARS;;;6;6;0,00 %;;;;
06/02/2014;EBIO;;;10;10,85;8,50 %;;;;
08/10/2014;ECC;;;20;19,16;-4,20 %;;;;
23/05/2013;ECOM;;;14;18,44;31,71 %;;;;
20/06/2014;ECR;;;27;25,75;-4,63 %;;;;
04/02/2011;ECYT;;;6;7,73;28,83 %;;;;
27/04/2012;EDG;;;11;9,5;-13,64 %;;;;
01/10/2015;EDGE;;;11;12,94;17,64 %;;;;
08/10/2010;EFC;;;22,5;21,75;-3,33 %;;;;
06/02/2014;EGLT;;;12;12;0,00 %;;;;
12/02/2014;EGRX;;;15;12,83;-14,47 %;;;;
17/11/2014;EHIC;;;12;11,7;-2,50 %;;;;
25/10/2013;EIGI;;;12;11,25;-6,25 %;;;;
15/04/2011;ELLI;;;6;6,77;12,83 %;;;;
02/08/2012;ELOQ;;;11,5;12,89;12,09 %;;;;
09/05/2013;EMES;;;17;16,55;-2,65 %;;;;
11/04/2014;ENBL;;;20;22,2;11,00 %;;;;
30/03/2012;ENPH;;;6;7,34;22,33 %;;;;
21/03/2013;ENTA;;;14;17,18;22,71 %;;;;
29/01/2015;ENTL;;;17;22;29,41 %;;;;
29/07/2010;ENV;;;9;10,23;13,67 %;;;;
27/09/2013;ENZY;;;14;18,16;29,71 %;;;;
26/07/2012;EOPN;;;15;13,6;-9,33 %;;;;
08/02/2012;EPAM;;;12;14;16,67 %;;;;
17/01/2014;EPE;;;20;18,08;-9,60 %;;;;
02/02/2011;EPOC;;;16;21,96;37,25 %;;;;
31/05/2013;EPZM;;;15;22,99;53,27 %;;;;
11/11/2015;EQBK;;;22,5;23,89;6,18 %;;;;
12/05/2015;EQGP;;;27;32,96;22,07 %;;;;
27/06/2012;EQM;;;21;23,75;13,10 %;;;;
31/10/2013;ESNT;;;17;21;23,53 %;;;;
26/06/2013;ESPR;;;15;14,5;-3,33 %;;;;
22/03/2012;ET;;;19;25,11;32,16 %;;;;
16/04/2015;ETSY;;;16;30;87,50 %;;;;
29/04/2015;EVA;;;20;21,5;7,50 %;;;;
11/05/2012;EVAC;;;8;8,75;9,38 %;;;;
28/03/2014;EVDY;;;14;13,5;-3,57 %;;;;
03/05/2012;EVER;;;10;10,6;6,00 %;;;;
05/06/2015;EVH;;;17;18,86;10,94 %;;;;
25/09/2013;EVOK;;;12;11,74;-2,17 %;;;;
12/04/2013;EVTC;;;20;20,44;2,20 %;;;;
28/06/2012;EXA;;;10;9,98;-0,20 %;;;;
28/10/2010;EXAM;;;16;16,8;5,00 %;;;;
13/05/2010;EXPR;;;17;16,75;-1,47 %;;;;
12/10/2012;FANG;;;17,5;17,5;0,00 %;;;;
01/10/2013;FATE;;;6;6,62;10,33 %;;;;
18/05/2012;FB;;;38;38,23;0,61 %;;;;
01/08/2014;FCB;;;22;20,94;-4,82 %;;;;
14/10/2015;FDC;;;16;15,75;-1,56 %;;;;
22/06/2011;FDUS;;;15;15;0,00 %;;;;
18/06/2014;FELP;;;20;19;-5,00 %;;;;
12/05/2011;FENG;;;11;14,75;34,09 %;;;;
14/05/2015;FENX;;;8;8,44;5,50 %;;;;
12/04/2012;FET;;;20;21,75;8,75 %;;;;
20/09/2013;FEYE;;;20;36;80,00 %;;;;
14/11/2014;FGEN;;;18;22;22,22 %;;;;
13/12/2013;FGL;;;17;18,86;10,94 %;;;;
09/08/2013;FI;;;22;26,35;19,77 %;;;;
24/03/2010;FIBK;;;14,5;15,7;8,28 %;;;;
09/06/2011;FIO;;;19;22,5;18,42 %;;;;
26/07/2013;FISH;;;20;19,5;-2,50 %;;;;
18/06/2015;FIT;;;20;29,68;48,40 %;;;;
19/07/2012;FIVE;;;17;26,5;55,88 %;;;;
04/04/2014;FIVN;;;7;7,64;9,14 %;;;;
10/02/2011;FLDM;;;13,5;14,02;3,85 %;;;;
29/01/2015;FLKS;;;16;14,95;-6,56 %;;;;
15/12/2010;FLT;;;23;27,75;20,65 %;;;;
05/10/2012;FLTX;;;17;22,3;31,18 %;;;;
12/02/2014;FLXN;;;13;14,71;13,15 %;;;;
25/09/2013;FMI;;;18;35,35;96,39 %;;;;
03/10/2014;FMSA;;;16;16,01;0,06 %;;;;
25/06/2010;FN;;;10;10,75;7,50 %;;;;
16/03/2010;FNGN;;;12;17,25;43,75 %;;;;
19/06/2015;FOGO;;;20;25,75;28,75 %;;;;
18/09/2014;FOMX;;;6;6,22;3,67 %;;;;
08/08/2013;FOXF;;;15;18,61;24,07 %;;;;
11/04/2014;FPI;;;14;12,98;-7,29 %;;;;
18/09/2013;FPRX;;;13;13,08;0,62 %;;;;
22/07/2011;FRAN;;;17;27,65;62,65 %;;;;
09/12/2010;FRC;;;25,5;27,92;9,49 %;;;;
17/12/2010;FRF;;;11;11;0,00 %;;;;
07/11/2014;FRPT;;;15;19,11;27,40 %;;;;
02/05/2014;FRSH;;;11;11,05;0,45 %;;;;
30/10/2014;FSAM;;;17;13,37;-21,35 %;;;;
12/07/2013;FSFR;;;15;14,15;-5,67 %;;;;
26/05/2011;FSL;;;18;18,33;1,83 %;;;;
15/05/2015;FTAI;;;17;16,55;-2,65 %;;;;
20/09/2013;FUEL;;;29;56,1;93,45 %;;;;
16/04/2013;FWM;;;14;17,35;23,93 %;;;;
15/10/2014;FWP;;;21;17,5;-16,67 %;;;;
29/10/2010;GAGA;;;9,5;11,26;18,53 %;;;;
27/03/2013;GARS;;;15;15;0,00 %;;;;
02/07/2014;GBIM;;;10;11,05;10,50 %;;;;
12/08/2015;GBT;;;20;43,11;115,55 %;;;;
15/12/2010;GCAP;;;9;8,85;-1,67 %;;;;
01/04/2015;GDDY;;;20;26,15;30,75 %;;;;
24/10/2013;GDEF;;;10;10,01;0,10 %;;;;
22/07/2010;GDOT;;;36;43,99;22,19 %;;;;
08/10/2010;GEDU;;;10,5;12,2;16,19 %;;;;
09/02/2011;GEVO;;;15;16,44;9,60 %;;;;
05/06/2015;GI;;;15;17;13,33 %;;;;
12/06/2013;GIMO;;;19;28,47;49,84 %;;;;
25/06/2015;GKOS;;;18;31,22;73,44 %;;;;
31/07/2015;GLBL;;;15;14;-6,67 %;;;;
02/12/2010;GLBR;;;14;14,85;6,07 %;;;;
13/03/2014;GLMD;;;13,5;14,31;6,00 %;;;;
18/07/2014;GLOB;;;10;11,25;12,50 %;;;;
30/03/2012;GLOG;;;14;12,41;-11,36 %;;;;
07/05/2014;GLOP;;;21;26,11;24,33 %;;;;
10/01/2014;GLYC;;;8;9,01;12,63 %;;;;
18/11/2010;GM;;;33;34,19;3,61 %;;;;
08/04/2011;GMLP;;;22,5;24,85;10,44 %;;;;
08/08/2014;GNBC;;;15;17,05;13,67 %;;;;
01/04/2011;GNC;;;16;16,75;4,69 %;;;;
05/02/2014;GNCA;;;12;11;-8,33 %;;;;
28/05/2010;GNMK;;;6;6;0,00 %;;;;
11/11/2010;GNOM;;;9;8,03;-10,78 %;;;;
11/02/2010;GNRC;;;13;12,84;-1,23 %;;;;
25/06/2015;GNRT;;;14;13,1;-6,43 %;;;;
21/06/2013;GOGO;;;17;16;-5,88 %;;;;
22/11/2013;GOMO;;;11,22;13,35;18,98 %;;;;
26/06/2015;GPP;;;15;15;0,00 %;;;;
26/06/2014;GPRO;;;24;31,34;30,58 %;;;;
04/11/2011;GRPN;;;20;26,11;30,55 %;;;;
04/04/2014;GRUB;;;26;34;30,77 %;;;;
18/03/2015;GSBD;;;20;20,05;0,25 %;;;;
02/02/2012;GWAY;;;10;13;30,00 %;;;;
15/10/2014;GWB;;;18;18;0,00 %;;;;
25/01/2012;GWRE;;;13;17,12;31,69 %;;;;
20/11/2014;HABT;;;18;39,54;119,67 %;;;;
18/04/2013;HASI;;;12,5;11,4;-8,80 %;;;;
10/03/2011;HCA;;;30;31,02;3,40 %;;;;
03/05/2013;HCAP;;;15;15;0,00 %;;;;
16/08/2012;HCLP;;;17;20;17,65 %;;;;
12/12/2014;HDP;;;16;26,38;64,88 %;;;;
27/06/2013;HDS;;;18,02;18,66;3,55 %;;;;
08/02/2013;HIIQ;;;14;13,7;-2,14 %;;;;
28/03/2014;HIVE;;;10;10;0,00 %;;;;
13/08/2015;HLI;;;21;22,4;6,67 %;;;;
12/12/2013;HLT;;;20;21,5;7,50 %;;;;
14/11/2013;HMHC;;;12;15,86;32,17 %;;;;
07/08/2014;HMLP;;;20;22,25;11,25 %;;;;
10/02/2012;HMST;;;44;48;9,09 %;;;;
24/06/2010;HPP;;;17;17,4;2,35 %;;;;
26/07/2012;HPTX;;;10;10,11;1,10 %;;;;
31/07/2014;HQY;;;14;17,6;25,71 %;;;;
23/05/2014;HRTG;;;11;11,5;4,55 %;;;;
03/12/2014;HSGX;;;11;11,75;6,82 %;;;;
24/07/2013;HTBX;;;10;9,57;-4,30 %;;;;
06/05/2015;HTGM;;;14;13,77;-1,64 %;;;;
26/03/2010;HTHT;;;12,25;13,92;13,63 %;;;;
22/03/2013;HTWO;;;10;10,02;0,20 %;;;;
09/10/2014;HUBS;;;25;30,1;20,40 %;;;;
28/07/2011;HZNP;;;9;9,15;1,67 %;;;;
18/04/2013;I;;;18;19,25;6,94 %;;;;
13/02/2014;IBP;;;11;12,8;16,36 %;;;;
03/04/2013;IBTX;;;26;29,36;12,92 %;;;;
08/08/2014;ICD;;;11;11,06;0,55 %;;;;
25/07/2013;ICEL;;;12;9,5;-20,83 %;;;;
11/10/2012;ICPT;;;15;20,4;36,00 %;;;;
06/08/2010;IL;;;13;9,61;-26,08 %;;;;
24/07/2014;IMDZ;;;12;12,05;0,42 %;;;;
18/11/2011;IMI;;;10;9,5;-5,00 %;;;;
25/06/2014;IMPR;;;15;16,25;8,33 %;;;;
09/11/2011;IMPV;;;18;24;33,33 %;;;;
04/04/2014;IMS;;;20;23;15,00 %;;;;
07/11/2014;INCR;;;18,5;20,49;10,76 %;;;;
14/02/2014;INGN;;;16;15,15;-5,31 %;;;;
09/02/2011;INN;;;9,75;9,69;-0,62 %;;;;
25/07/2014;INNL;;;9;9;0,00 %;;;;
12/02/2015;INOV;;;27;27;0,00 %;;;;
13/11/2015;INST;;;16;18;12,50 %;;;;
02/05/2013;INSY;;;8;9,58;19,75 %;;;;
16/11/2011;INVN;;;7,5;8,9;18,67 %;;;;
28/01/2011;INXN;;;13;13,8;6,15 %;;;;
27/10/2015;IOTS;;;5;5,9;18,00 %;;;;
05/03/2013;IPDN;;;8;7,67;-4,13 %;;;;
11/11/2010;IPHI;;;12;15,3;27,50 %;;;;
16/07/2014;IRMD;;;6,25;9,9;58,40 %;;;;
03/02/2010;IRWD;;;11,25;11,65;3,56 %;;;;
14/12/2010;ISS;;;13;16,2;24,62 %;;;;
01/07/2014;ISTR;;;14;14,2;1,43 %;;;;
18/02/2015;ITEK;;;6;6;0,00 %;;;;
15/06/2015;IVTY;;;12;14,92;24,33 %;;;;
22/05/2014;JD;;;19;20,9;10,00 %;;;;
08/11/2013;JGW;;;14;12,82;-8,43 %;;;;
13/12/2011;JIVE;;;12;15,05;25,42 %;;;;
14/05/2010;JKS;;;11;11,01;0,09 %;;;;
16/05/2014;JMEI;;;22;24,18;9,91 %;;;;
03/10/2012;JMI;;;20;19,6;-2,00 %;;;;
24/07/2013;JONE;;;15;13,83;-7,80 %;;;;
16/07/2015;JP;;;10;11,08;10,80 %;;;;
02/10/2014;JPEP;;;20;19,11;-4,45 %;;;;
12/12/2014;JRVR;;;21;21,25;1,19 %;;;;
19/12/2014;JUNO;;;24;35;45,83 %;;;;
10/11/2014;JYNT;;;6,5;6,58;1,23 %;;;;
09/04/2014;KANG;;;14;15,2;8,57 %;;;;
01/10/2010;KEYW;;;10;11,38;13,80 %;;;;
11/08/2010;KH;;;10,25;12,16;18,63 %;;;;
12/12/2013;KIN;;;7;11,95;70,71 %;;;;
26/03/2014;KING;;;22,5;19;-15,56 %;;;;
11/02/2011;KIPS;;;8;7,93;-0,88 %;;;;
20/06/2014;KITE;;;17;29;70,59 %;;;;
11/02/2011;KMI;;;30;31,05;3,50 %;;;;
16/04/2015;KMPH;;;11;11,2;1,82 %;;;;
10/04/2013;KNOP;;;21;21,79;3,76 %;;;;
14/05/2010;KONE;;;4;3,94;-1,50 %;;;;
15/12/2011;KORS;;;20;24,2;21,00 %;;;;
11/05/2011;KOS;;;18;18,24;1,33 %;;;;
06/11/2013;KPTI;;;16;16,05;0,31 %;;;;
02/04/2015;KRNT;;;10;14;40,00 %;;;;
08/05/2014;KTWO;;;15;15;0,00 %;;;;
20/07/2012;KYAK;;;26;33,18;27,62 %;;;;
11/10/2012;KYTH;;;16;19,79;23,69 %;;;;
06/02/2014;LADR;;;17;16,99;-0,06 %;;;;
29/01/2013;LAND;;;15;15;0,00 %;;;;
11/12/2014;LC;;;15;23,43;56,20 %;;;;
09/10/2013;LDRH;;;15;19,35;29,00 %;;;;
09/12/2010;LEDS;;;17;25,76;51,53 %;;;;
17/04/2014;LEJU;;;10;11,86;18,60 %;;;;
29/01/2015;LENS;;;10;8,15;-18,50 %;;;;
26/01/2011;LFGR;;;17;22,68;33,41 %;;;;
07/11/2013;LGIH;;;11;12,9;17,27 %;;;;
25/10/2012;LGP;;;20;20,23;1,15 %;;;;
07/05/2015;LIFE;;;14;14,95;6,79 %;;;;
06/06/2013;LITB;;;9,5;11,61;22,21 %;;;;
27/02/2014;LMNS;;;12;12,15;1,25 %;;;;
14/11/2014;LMRK;;;19;19,09;0,47 %;;;;
12/10/2012;LNCO;;;36,5;38,26;4,82 %;;;;
19/05/2011;LNKD;;;45;94,25;109,44 %;;;;
25/06/2015;LNTH;;;14;11,56;-17,43 %;;;;
23/07/2015;LOB;;;17;19,07;12,18 %;;;;
03/10/2012;LOCK;;;9;8,36;-7,11 %;;;;
25/07/2014;LOCO;;;15;24,03;60,20 %;;;;
01/08/2014;LOXO;;;13;13;0,00 %;;;;
25/01/2013;LPDX;;;9;10,45;16,11 %;;;;
15/12/2011;LPI;;;17;18,1;6,47 %;;;;
18/11/2010;LPLA;;;30;32,15;7,17 %;;;;
09/04/2014;LQ;;;17;17,12;0,71 %;;;;
11/11/2011;LRE;;;19;19,05;0,26 %;;;;
03/10/2012;LXFR;;;10;11,06;10,60 %;;;;
26/06/2013;LXFT;;;17;20,3;19,41 %;;;;
29/03/2012;MACK;;;7;6,04;-13,71 %;;;;
10/08/2012;MANU;;;14;14;0,00 %;;;;
19/06/2015;MB;;;14;11,56;-17,43 %;;;;
02/08/2013;MBII;;;12;13,75;14,58 %;;;;
01/08/2014;MBLY;;;25;37;48,00 %;;;;
31/01/2014;MBUU;;;14;17,75;26,79 %;;;;
16/04/2014;MC;;;25;26,15;4,60 %;;;;
15/12/2011;MCEP;;;18;18,05;0,28 %;;;;
17/07/2015;MCFT;;;15;15,92;6,13 %;;;;
26/10/2010;MCOX;;;11;17,26;56,91 %;;;;
26/06/2015;MCRB;;;18;51,4;185,56 %;;;;
25/06/2015;MCRN;;;20;19,58;-2,10 %;;;;
31/07/2014;MCUR;;;10;7,25;-27,50 %;;;;
24/09/2014;MDLY;;;18;16,4;-8,89 %;;;;
20/03/2014;MDWD;;;14;17,27;23,36 %;;;;
09/12/2011;MEMP;;;19;19,79;4,16 %;;;;
07/11/2013;MEP;;;18;17,49;-2,83 %;;;;
31/03/2010;MERU;;;15;19,17;27,80 %;;;;
18/11/2011;MFRM;;;19;22;15,79 %;;;;
10/10/2013;MGNX;;;16;24,99;56,19 %;;;;
27/06/2014;MIK;;;17;17,02;0,12 %;;;;
19/11/2015;MIME;;;10;10,1;1,00 %;;;;
01/10/2015;MIRN;;;7;7,04;0,57 %;;;;
22/04/2010;MITL;;;14;12,3;-12,14 %;;;;
21/04/2011;MKTG;;;12;15,4;28,33 %;;;;
17/05/2013;MKTO;;;13;23,1;77,69 %;;;;
29/03/2012;MM;;;13;25;92,31 %;;;;
31/10/2013;MMI;;;12;13,42;11,83 %;;;;
12/08/2010;MMYT;;;14;26,45;88,93 %;;;;
18/11/2011;MN;;;12;12;0,00 %;;;;
10/12/2010;MOBI;;;8;6;-25,00 %;;;;
12/06/2014;MOBL;;;9;11,02;22,44 %;;;;
20/03/2013;MODN;;;15,5;19,98;28,90 %;;;;
09/10/2014;MOLG;;;12,5;8,14;-34,88 %;;;;
11/12/2014;MOMO;;;13,5;17,02;26,07 %;;;;
26/09/2013;MONT;;;10;12,8;28,00 %;;;;
12/12/2014;MPG;;;15;15,11;0,73 %;;;;
26/10/2012;MPLX;;;22;27,2;23,64 %;;;;
12/04/2012;MRC;;;21;21,04;0,19 %;;;;
25/10/2012;MRCC;;;15;15,25;1,67 %;;;;
13/06/2014;MRD;;;19;22,16;16,63 %;;;;
22/03/2013;MRIN;;;14;16,26;16,14 %;;;;
19/06/2014;MRKT;;;24;26,7;11,25 %;;;;
31/07/2014;MRNS;;;8;8;0,00 %;;;;
23/07/2014;MTBC;;;5;4,28;-14,40 %;;;;
18/11/2015;MTCH;;;12;14,74;22,83 %;;;;
02/02/2012;MTDR;;;12;11,75;-2,08 %;;;;
25/06/2014;MTLS;;;12;12;0,00 %;;;;
15/03/2012;MTSI;;;19;20,55;8,16 %;;;;
07/11/2013;MVNR;;;10;9,64;-3,60 %;;;;
11/03/2011;MX;;;14;14,01;0,07 %;;;;
24/03/2010;MXL;;;13;18,7;43,85 %;;;;
06/03/2015;MXPT;;;11,5;9,76;-15,13 %;;;;
01/10/2010;MY;;;14;13,25;-5,36 %;;;;
20/09/2013;MYCC;;;14;14,5;3,57 %;;;;
29/10/2015;MYOK;;;10;10,53;5,30 %;;;;
13/11/2014;NAP;;;15;13,8;-8,00 %;;;;
25/04/2012;NASDAQ:ENVI;;;9;8,49;-5,67 %;;;;
20/05/2010;NASDAQ:RCM;;;12;12,74;6,17 %;;;;
20/09/2012;NBHC;;;19,25;19,6;1,82 %;;;;
18/01/2013;NCLH;;;19;24,79;30,47 %;;;;
19/03/2015;NCOM;;;19,5;21,12;8,31 %;;;;
28/06/2013;NDLS;;;18;36,75;104,17 %;;;;
14/11/2014;NDRM;;;10;9,15;-8,50 %;;;;
21/11/2014;NEFF;;;15;14,85;-1,00 %;;;;
23/07/2015;NEOS;;;15;19,54;30,27 %;;;;
20/11/2014;NEOT;;;14;12;-14,29 %;;;;
27/06/2014;NEP;;;25;32;28,00 %;;;;
12/12/2014;NEWR;;;23;33,99;47,78 %;;;;
12/05/2011;NGL;;;21;20,98;-0,10 %;;;;
25/07/2012;NGVC;;;15;17,86;19,07 %;;;;
28/07/2015;NK;;;25;34,64;38,56 %;;;;
12/05/2010;NKA;;;20,5;19,1;-6,83 %;;;;
11/11/2011;NLNK;;;7;7,08;1,14 %;;;;
13/12/2013;NMBL;;;21;33,93;61,57 %;;;;
08/11/2013;NMIH;;;13;14;7,69 %;;;;
10/11/2010;NOAH;;;12;15,99;33,25 %;;;;
26/03/2014;NORD;;;16;18;12,50 %;;;;
29/06/2012;NOW;;;18;24,6;36,67 %;;;;
02/02/2011;NPTN;;;11;13,25;20,45 %;;;;
05/05/2011;NQ;;;11,5;9,3;-19,13 %;;;;
08/03/2012;NSM;;;14;14,25;1,79 %;;;;
26/06/2013;NSTG;;;10;8,06;-19,40 %;;;;
26/07/2012;NTI;;;14;14,16;1,14 %;;;;
02/07/2015;NTRA;;;18;22,74;26,33 %;;;;
19/10/2010;NTSP;;;11;13;18,18 %;;;;
02/10/2015;NVCR;;;22;18,28;-16,91 %;;;;
05/02/2015;NVET;;;10;8,88;-11,20 %;;;;
17/06/2015;NVLS;;;14;14,92;6,57 %;;;;
06/11/2014;NVRO;;;18;25,19;39,94 %;;;;
12/02/2015;NVTA;;;16;17,05;6,56 %;;;;
31/01/2014;NWHM;;;11;12,2;10,91 %;;;;
06/08/2010;NXPI;;;14;11,03;-21,21 %;;;;
19/11/2010;NYSE:ARX;;;13,5;12,67;-6,15 %;;;;
07/11/2013;NYSE:NCFT;;;16;15,5;-3,13 %;;;;
19/10/2010;NYSE:SHP;;;15;12,75;-15,00 %;;;;
18/04/2013;NYSE:TAM;;;15;14,55;-3,00 %;;;;
14/04/2011;NYSE:TMS;;;13;12,58;-3,23 %;;;;
12/04/2012;OAK;;;43;42,39;-1,42 %;;;;
22/03/2013;OAKS;;;15;14,5;-3,33 %;;;;
17/06/2010;OAS;;;14;14,88;6,29 %;;;;
03/10/2013;OCIP;;;18;18,8;4,44 %;;;;
25/07/2014;OCUL;;;13;13,5;3,85 %;;;;
25/07/2014;OEC;;;18;17,75;-1,39 %;;;;
08/11/2012;OFS;;;15;14,35;-4,33 %;;;;
14/07/2011;OILT;;;21,5;23,7;10,23 %;;;;
16/07/2015;OLLI;;;16;21,15;32,19 %;;;;
09/10/2014;OMAM;;;14;13,95;-0,36 %;;;;
18/07/2013;OMED;;;17;27,18;59,88 %;;;;
16/10/2013;OMF;;;17;19,26;13,29 %;;;;
30/01/2015;ONCE;;;23;50;117,39 %;;;;
17/12/2014;ONDK;;;20;27,98;39,90 %;;;;
17/06/2010;ONE;;;12;14,27;18,92 %;;;;
25/07/2013;ONTX;;;15;19,88;32,53 %;;;;
17/07/2015;OOMA;;;13;10,95;-15,77 %;;;;
16/04/2014;OPB;;;30;29,33;-2,23 %;;;;
05/05/2015;OPGN;;;6;4,85;-19,17 %;;;;
25/09/2013;OPHT;;;22;26,3;19,55 %;;;;
04/04/2014;OPWR;;;19;23;21,05 %;;;;
14/02/2013;ORC;;;15;14,8;-1,33 %;;;;
31/07/2014;ORPN;;;11;8,4;-23,64 %;;;;
21/12/2010;OSN;;;4,5;4,25;-5,56 %;;;;
22/11/2013;OXFD;;;12;15,4;28,33 %;;;;
15/06/2011;P;;;16;17,42;8,88 %;;;;
27/10/2010;PACB;;;16;16,44;2,75 %;;;;
16/10/2013;PAGP;;;22;22;0,00 %;;;;
11/04/2014;PAHC;;;15;17;13,33 %;;;;
20/07/2012;PANW;;;42;53,13;26,50 %;;;;
18/06/2014;PARN;;;10;8,05;-19,50 %;;;;
06/08/2010;PATH;;;10;9,25;-7,50 %;;;;
15/04/2014;PAYC;;;15;15,35;2,33 %;;;;
13/12/2012;PBF;;;26;26,25;0,96 %;;;;
09/05/2014;PBFX;;;23;27,68;20,35 %;;;;
03/10/2013;PBPB;;;14;30,44;117,43 %;;;;
03/02/2011;PCRX;;;7;7,02;0,29 %;;;;
19/03/2014;PCTY;;;17;24,04;41,41 %;;;;
04/05/2012;PDH;;;17;16,5;-2,94 %;;;;
23/05/2014;PE;;;18,5;22,2;20,00 %;;;;
27/09/2013;PEGI;;;22;23,27;5,77 %;;;;
18/09/2015;PEN;;;30;41,3;37,67 %;;;;
27/06/2013;PETX;;;6;8,26;37,67 %;;;;
28/03/2013;PF;;;20;22,21;11,05 %;;;;
01/10/2015;PFGC;;;19;19,2;1,05 %;;;;
08/04/2011;PFLT;;;15;13,4;-10,67 %;;;;
10/08/2012;PFMT;;;9;10,6;17,78 %;;;;
24/07/2014;PFNX;;;6;5,3;-11,67 %;;;;
20/04/2012;PFPT;;;13;14,05;8,08 %;;;;
09/05/2013;PFSI;;;18;19,1;6,11 %;;;;
23/05/2013;PGEM;;;21;23,3;10,95 %;;;;
21/05/2015;PGND;;;25;27,5;10,00 %;;;;
18/11/2014;PGRE;;;17,5;18,18;3,89 %;;;;
01/04/2014;PIH;;;8;7,95;-0,62 %;;;;
26/09/2013;PINC;;;27;30,65;13,52 %;;;;
10/10/2014;PLAY;;;16;17,28;8,00 %;;;;
06/08/2015;PLNT;;;16;16;0,00 %;;;;
05/05/2010;PLOW;;;11,25;11,29;0,36 %;;;;
09/10/2015;PMTS;;;10;12,17;21,70 %;;;;
16/01/2015;PN;;;14;13,5;-3,57 %;;;;
30/04/2010;PNG;;;21,5;23,25;8,14 %;;;;
13/11/2014;PRAH;;;18;19,62;9,00 %;;;;
01/04/2010;PRI;;;15;19,65;31,00 %;;;;
24/02/2012;PRLB;;;16;29;81,25 %;;;;
05/11/2010;PRMW;;;12;12,95;7,92 %;;;;
18/09/2014;PRQR;;;13;14,73;13,31 %;;;;
29/03/2012;PRSS;;;19;19,03;0,16 %;;;;
22/10/2014;PRTO;;;10;10,03;0,30 %;;;;
16/04/2015;PRTY;;;17;20,7;21,76 %;;;;
08/08/2012;PSMI;;;14;14,71;5,07 %;;;;
07/10/2015;PSTG;;;17;16,01;-5,82 %;;;;
23/07/2013;PSXP;;;23;29,7;29,13 %;;;;
21/06/2013;PTCT;;;15;16,49;9,93 %;;;;
22/05/2013;PTLA;;;14,5;15,15;4,48 %;;;;
04/06/2015;PTXP;;;20;19,48;-2,60 %;;;;
11/06/2015;PUB;;;14,4;16,7;15,97 %;;;;
09/08/2013;QEPM;;;21;22,25;5,95 %;;;;
30/03/2011;QIHU;;;14,5;34;134,48 %;;;;
03/05/2013;QIWI;;;17;17,08;0,47 %;;;;
16/07/2010;QLIK;;;10;12,8;28,00 %;;;;
28/09/2012;QLYS;;;12;14,16;18,00 %;;;;
11/02/2010;QNST;;;15;15;0,00 %;;;;
20/03/2014;QTWO;;;13;15,17;16,69 %;;;;
07/03/2014;QUOT;;;16;30;87,50 %;;;;
05/02/2014;QURE;;;17;14,61;-14,06 %;;;;
12/04/2013;RALY;;;14;17,81;27,21 %;;;;
31/01/2014;RARE;;;21;42,25;101,19 %;;;;
17/06/2011;RATE;;;15;15,34;2,27 %;;;;
09/05/2013;RCPT;;;14;14;0,00 %;;;;
10/11/2010;RDA;;;9;10,75;19,44 %;;;;
06/06/2014;RDUS;;;8;8,01;0,12 %;;;;
19/01/2012;REGI;;;10;10,1;1,00 %;;;;
04/05/2011;RENN;;;14;18,01;28,64 %;;;;
07/03/2014;REPH;;;8;8,3;3,75 %;;;;
19/07/2013;REXR;;;14;14,04;0,29 %;;;;
04/10/2012;RGLS;;;4;4,2;5,00 %;;;;
17/09/2015;RGNX;;;22;30,45;38,41 %;;;;
24/01/2014;RICE;;;21;21,9;4,29 %;;;;
31/07/2014;RIGP;;;22;24,3;10,45 %;;;;
15/05/2015;RKDA;;;8;7,3;-8,75 %;;;;
16/11/2012;RKUS;;;15;12,25;-18,33 %;;;;
16/07/2010;RLD;;;16;19,51;21,94 %;;;;
11/10/2012;RLGY;;;27;34,2;26,67 %;;;;
20/05/2010;RLOC;;;13;12,66;-2,62 %;;;;
15/11/2013;RLYP;;;11;12,24;11,27 %;;;;
28/03/2012;RM;;;15;16,45;9,67 %;;;;
02/10/2013;RMAX;;;22;27;22,73 %;;;;
17/12/2014;RMP;;;16,5;16,3;-1,21 %;;;;
28/06/2013;RNA;;;13;19,25;48,08 %;;;;
08/02/2012;RNDY;;;8,5;9;5,88 %;;;;
15/12/2010;RNET;;;12;12,55;4,58 %;;;;
04/11/2011;RNF;;;20;19,85;-0,75 %;;;;
27/09/2013;RNG;;;13;18,2;40,00 %;;;;
17/07/2014;ROKA;;;12;12;0,00 %;;;;
12/08/2010;RP;;;11;14,52;32,00 %;;;;
05/04/2012;RPAI;;;8;8,75;9,38 %;;;;
17/07/2015;RPD;;;16;25,28;58,00 %;;;;
04/05/2011;RPXC;;;19;23,88;25,68 %;;;;
09/12/2011;RRMS;;;20;20;0,00 %;;;;
13/05/2010;RRTS;;;14;13,75;-1,79 %;;;;
17/01/2014;RSPP;;;19,5;20,15;3,33 %;;;;
24/06/2015;RTTR;;;5;4,96;-0,80 %;;;;
02/04/2014;RUBI;;;15;20,09;33,93 %;;;;
05/08/2015;RUN;;;14;10,77;-23,07 %;;;;
06/02/2014;RVNC;;;16;26,85;67,81 %;;;;
12/09/2014;RWLK;;;12;25,6;113,33 %;;;;
29/03/2012;RXN;;;18;20;11,11 %;;;;
08/08/2014;RYI;;;11;10,3;-6,36 %;;;;
17/04/2014;SABR;;;16;16,5;3,13 %;;;;
18/07/2014;SAGE;;;18;30,1;67,22 %;;;;
19/07/2013;SALE;;;21;27,7;31,90 %;;;;
27/06/2013;SAMG;;;11;11,83;7,55 %;;;;
26/05/2011;SAVE;;;12;12,11;0,92 %;;;;
23/01/2014;SC;;;24;25,28;5,33 %;;;;
30/10/2013;SCAI;;;24;27,1;12,92 %;;;;
08/11/2012;SCM;;;15;15,08;0,53 %;;;;
13/12/2012;SCTY;;;8;11,79;47,38 %;;;;
02/05/2014;SCYX;;;10;9;-10,00 %;;;;
19/10/2012;SDLP;;;22;24,37;10,77 %;;;;
19/04/2013;SEAS;;;27;33,52;24,15 %;;;;
22/05/2014;SEMI;;;13;15;15,38 %;;;;
14/05/2014;SFBS;;;91;85;-6,59 %;;;;
01/08/2013;SFM;;;18;40,11;122,83 %;;;;
24/09/2014;SFS;;;12;12,01;0,08 %;;;;
17/09/2010;SFUN;;;42,5;73,5;72,94 %;;;;
10/10/2013;SGM;;;16;18,25;14,06 %;;;;
18/06/2014;SGNL;;;10;9,09;-9,10 %;;;;
20/04/2011;SGNT;;;16;19,9;24,38 %;;;;
01/10/2015;SGRY;;;19;18,11;-4,68 %;;;;
29/10/2014;SHLX;;;23;33,55;45,87 %;;;;
29/10/2014;SIEN;;;15;16,75;11,67 %;;;;
21/11/2014;SKIS;;;9;8,51;-5,44 %;;;;
20/07/2011;SKUL;;;20;20;0,00 %;;;;
13/11/2014;SKYS;;;8;9,15;14,38 %;;;;
01/02/2012;SLCA;;;17;16;-5,88 %;;;;
09/02/2010;SLRC;;;18,75;18;-4,00 %;;;;
28/09/2012;SMLP;;;20;21,11;5,55 %;;;;
21/02/2014;SMLR;;;7;6,99;-0,14 %;;;;
15/07/2010;SMT;;;17;17,05;0,29 %;;;;
14/12/2011;SN;;;22;18,25;-17,05 %;;;;
31/01/2014;SNOW;;;12;11,9;-0,83 %;;;;
03/11/2010;SODA;;;20;24,12;20,60 %;;;;
29/07/2014;SPKE;;;18;17,87;-0,72 %;;;;
19/04/2012;SPLK;;;17;35,48;108,71 %;;;;
22/04/2010;SPSC;;;12;13,6;13,33 %;;;;
17/04/2014;SPWH;;;9,5;9,75;2,63 %;;;;
19/11/2015;SQ;;;9;13,07;45,22 %;;;;
27/03/2014;SQBK;;;18;20,6;14,44 %;;;;
24/09/2010;SQI;;;9,5;12,27;29,16 %;;;;
15/04/2011;SQNS;;;10;8,25;-17,50 %;;;;
25/03/2011;SREV;;;10;12,18;21,80 %;;;;
25/10/2013;SRLP;;;18;17,75;-1,39 %;;;;
31/03/2010;SSNC;;;15;15,08;0,53 %;;;;
13/03/2013;SSNI;;;17;22;29,41 %;;;;
11/10/2012;SSTK;;;17;21,66;27,41 %;;;;
11/03/2010;ST;;;18;18,5;2,78 %;;;;
15/04/2011;STAG;;;13;12,5;-3,85 %;;;;
13/11/2013;STAY;;;20;23,87;19,35 %;;;;
20/03/2015;STDY;;;8,5;8,6;1,18 %;;;;
29/01/2013;STML;;;10;11,8;18,00 %;;;;
31/03/2010;STNG;;;13;12,56;-3,38 %;;;;
17/11/2014;STOR;;;18,5;19,5;5,41 %;;;;
12/03/2015;SUM;;;18;20,97;16,50 %;;;;
25/02/2011;SUNS;;;20;19,6;-2,00 %;;;;
01/05/2012;SUPN;;;5;5,37;7,40 %;;;;
20/09/2012;SUSP;;;20,5;22,91;11,76 %;;;;
21/07/2011;SXC;;;16;17;6,25 %;;;;
18/01/2013;SXCP;;;19;18,25;-3,95 %;;;;
02/11/2012;SXE;;;20;22,35;11,75 %;;;;
22/01/2010;SYA;;;12;12,75;6,25 %;;;;
31/07/2014;SYF;;;23;23;0,00 %;;;;
10/02/2012;SYNC;;;5;5,25;5,00 %;;;;
24/11/2010;SYSW;;;7;6,2;-11,43 %;;;;
26/05/2011;SZYM;;;18;20,71;15,06 %;;;;
09/06/2011;TAOM;;;9;8,23;-8,56 %;;;;
07/11/2014;TBK;;;12;12,75;6,25 %;;;;
03/02/2011;TBOW;;;5;4,74;-5,20 %;;;;
30/01/2015;TCON;;;10;9,4;-6,00 %;;;;
04/04/2012;TCPC;;;14,75;14,55;-1,36 %;;;;
01/11/2013;TCS;;;18;36,2;101,11 %;;;;
01/07/2015;TDOC;;;19;28,5;50,00 %;;;;
28/07/2011;TEA;;;17;27,8;63,53 %;;;;
10/12/2015;TEAM;;;21;27,78;32,29 %;;;;
03/04/2014;TEDU;;;9;9,06;0,67 %;;;;
07/05/2015;TEGP;;;29;31,75;9,48 %;;;;
14/05/2013;TEP;;;21,5;21,5;0,00 %;;;;
05/11/2010;TFM;;;22;32,11;45,95 %;;;;
05/05/2011;THR;;;12;12,28;2,33 %;;;;
17/09/2014;TKAI;;;15;23,76;58,40 %;;;;
20/04/2011;TLLP;;;21;23,5;11,90 %;;;;
12/02/2014;TLMR;;;13;13,8;6,15 %;;;;
12/12/2013;TLOG;;;7;7;0,00 %;;;;
04/05/2012;TLYS;;;15,5;16,81;8,45 %;;;;
10/04/2013;TMHC;;;22;23,04;4,73 %;;;;
13/05/2010;TNAV;;;8;9,8;22,50 %;;;;
14/11/2013;TNDM;;;15;19,26;28,40 %;;;;
27/03/2014;TNET;;;16;19,1;19,38 %;;;;
09/04/2010;TNGN;;;5;5,02;0,40 %;;;;
27/07/2011;TNGO;;;10;11,65;16,50 %;;;;
09/05/2014;TOUR;;;9;10,07;11,89 %;;;;
15/10/2010;TOWR;;;13;13;0,00 %;;;;
31/01/2013;TPH;;;17;19,05;12,06 %;;;;
15/08/2013;TPRE;;;12,5;13,06;4,48 %;;;;
06/03/2014;TPVG;;;15;15,65;4,33 %;;;;
07/12/2010;TRGP;;;22;24,7;12,27 %;;;;
16/04/2014;TRIV;;;12;13,79;14,92 %;;;;
20/09/2012;TRLA;;;17;24;41,18 %;;;;
27/06/2013;TRMR;;;10;8,5;-15,00 %;;;;
10/02/2010;TRNO;;;20;18,65;-6,75 %;;;;
18/07/2014;TRUP;;;10;11,4;14,00 %;;;;
31/01/2014;TRVN;;;7;6,5;-7,14 %;;;;
09/05/2013;TSC;;;11,5;12,59;9,48 %;;;;
12/06/2014;TSE;;;19;20,25;6,58 %;;;;
29/06/2010;TSLA;;;17;23,98;41,06 %;;;;
21/03/2014;TSLX;;;16;16;0,00 %;;;;
24/07/2014;TSQ;;;11;10,25;-6,82 %;;;;
28/06/2012;TSRO;;;13;13,69;5,31 %;;;;
03/08/2010;TSRX;;;5;5;0,00 %;;;;
07/08/2014;TTOO;;;11;14,32;30,18 %;;;;
20/03/2013;TTPH;;;7;7;0,00 %;;;;
18/07/2014;TUBE;;;7;11,5;64,29 %;;;;
19/04/2012;TUMI;;;18;26,5;47,22 %;;;;
25/09/2014;TVPT;;;16;16,4;2,50 %;;;;
28/03/2014;TWOU;;;13;13,98;7,54 %;;;;
07/11/2013;TWTR;;;26;44,9;72,69 %;;;;
07/06/2013;TXTR;;;15;20,94;39,60 %;;;;
08/04/2011;UAN;;;16;17,55;9,69 %;;;;
14/10/2011;UBNT;;;15;17,5;16,67 %;;;;
18/07/2013;UCP;;;15;14;-6,67 %;;;;
18/06/2015;UNVR;;;22;24,05;9,32 %;;;;
06/11/2014;UPLD;;;12;9,75;-18,75 %;;;;
15/01/2013;USAC;;;18;11,66;-35,22 %;;;;
09/10/2014;USDP;;;17;16;-5,88 %;;;;
14/11/2014;VA;;;23;30;30,43 %;;;;
01/10/2014;VBLT;;;6;5,85;-2,50 %;;;;
09/10/2014;VBTX;;;13;13,95;7,31 %;;;;
28/03/2012;VCRA;;;19;21,03;10,68 %;;;;
30/10/2013;VCYT;;;13;13,25;1,92 %;;;;
16/10/2013;VEEV;;;20;37,16;85,80 %;;;;
22/06/2011;VHS;;;18;18,05;0,28 %;;;;
23/03/2012;VIPS;;;6,5;5,5;-15,38 %;;;;
16/04/2015;VIRT;;;19;22,18;16,74 %;;;;
18/10/2013;VJET;;;13;28,8;121,54 %;;;;
29/04/2015;VKTX;;;8;8,96;12,00 %;;;;
11/12/2013;VLP;;;23;28;21,74 %;;;;
18/09/2013;VLRS;;;12;14,01;16,75 %;;;;
22/11/2013;VNCE;;;20;28,66;43,30 %;;;;
21/04/2011;VNET;;;15;18,8;25,33 %;;;;
18/06/2014;VNOM;;;26;32,35;24,42 %;;;;
22/03/2012;VNTV;;;17;19,5;14,71 %;;;;
02/05/2013;VOYA;;;19,5;20,84;6,87 %;;;;
21/10/2010;VRA;;;16;24,85;55,31 %;;;;
28/02/2014;VRNS;;;22;44;100,00 %;;;;
21/03/2014;VSAR;;;21;31,37;49,38 %;;;;
01/10/2014;VSLR;;;16;16,01;0,06 %;;;;
27/01/2012;VSTM;;;10;11,09;10,90 %;;;;
24/09/2014;VTAE;;;8;7,61;-4,88 %;;;;
17/04/2014;VTL;;;12;12;0,00 %;;;;
01/08/2014;VTTI;;;21;22,1;5,24 %;;;;
30/07/2015;VTVT;;;15;10,89;-27,40 %;;;;
02/10/2014;VWR;;;21;21,05;0,24 %;;;;
11/11/2015;VYGR;;;14;17,75;26,79 %;;;;
02/10/2014;W;;;29;37,72;30,07 %;;;;
10/05/2012;WAGE;;;9;9,99;11,00 %;;;;
28/07/2011;WAIR;;;15;14,92;-0,53 %;;;;
28/03/2014;WATT;;;6;10,58;76,33 %;;;;
17/04/2014;WB;;;17;20,24;19,06 %;;;;
22/11/2013;WBAI;;;13;20,01;53,92 %;;;;
25/07/2013;WCIC;;;15;15,12;0,80 %;;;;
15/12/2010;WD;;;10;9,9;-1,00 %;;;;
12/10/2012;WDAY;;;28;48,69;73,89 %;;;;
07/12/2012;WGP;;;22;28;27,27 %;;;;
05/12/2012;WHF;;;15;13,9;-7,33 %;;;;
04/05/2011;WIFI;;;13,5;12,1;-10,37 %;;;;
16/11/2013;WIX;;;16,5;16,31;-1,15 %;;;;
12/12/2014;WK;;;14;13,75;-1,79 %;;;;
16/05/2013;WLH;;;25;25,5;2,00 %;;;;
30/07/2014;WLKP;;;24;30,78;28,25 %;;;;
10/05/2012;WMC;;;20;18,8;-6,00 %;;;;
25/07/2014;WMS;;;16;16,15;0,94 %;;;;
10/10/2013;WNRL;;;22;24,1;9,55 %;;;;
09/08/2013;WPT;;;20;19,56;-2,20 %;;;;
22/03/2013;WSTC;;;20;18,86;-5,70 %;;;;
31/10/2013;WUBA;;;17;24,12;41,88 %;;;;
11/11/2015;WVE;;;16;16;0,00 %;;;;
13/11/2015;XCOM;;;5;5;0,00 %;;;;
05/11/2014;XENE;;;9;10,5;16,67 %;;;;
24/07/2014;XENT;;;11;12,92;17,45 %;;;;
19/09/2013;XLRN;;;15;19,99;33,27 %;;;;
03/12/2013;XNCR;;;5,5;8,34;51,64 %;;;;
24/06/2014;XNET;;;12;14,9;24,17 %;;;;
23/11/2010;XNY;;;11;9,95;-9,55 %;;;;
08/08/2013;XON;;;16;24,73;54,56 %;;;;
07/02/2013;XONE;;;18;26,52;47,33 %;;;;
15/02/2013;XOOM;;;16;25,49;59,31 %;;;;
26/06/2015;XTLY;;;8;8,7;8,75 %;;;;
02/11/2010;XUE;;;9,5;12,5;31,58 %;;;;
03/10/2014;YDLE;;;12;13,44;12,00 %;;;;
02/03/2012;YELP;;;15;24,58;63,87 %;;;;
24/05/2011;YNDX;;;25;38,84;55,36 %;;;;
08/12/2010;YOKU;;;12,8;27;110,94 %;;;;
18/12/2015;YRD;;;10;9,1;-9,00 %;;;;
07/08/2013;YUME;;;9;9;0,00 %;;;;
21/11/2012;YY;;;10,5;11,31;7,71 %;;;;
17/10/2014;ZAYO;;;19;22;15,79 %;;;;
15/05/2014;ZEN;;;9;13,43;49,22 %;;;;
08/02/2013;ZFC;;;21,25;19,95;-6,12 %;;;;
19/06/2014;ZFGN;;;16;19,75;23,44 %;;;;
23/11/2010;ZGNX;;;4;3,98;-0,50 %;;;;
14/04/2011;ZIP;;;18;28;55,56 %;;;;
19/10/2011;ZLTQ;;;13;15,5;19,23 %;;;;
16/12/2011;ZNGA;;;10;9,5;-5,00 %;;;;
11/04/2014;ZOES;;;15;24,72;64,80 %;;;;
12/06/2014;ZPIN;;;13,5;14,65;8,52 %;;;;
27/01/2015;ZSAN;;;11;11,1;0,91 %;;;;
18/06/2014;ZSPH;;;18;28,38;57,67 %;;;;
01/02/2013;ZTS;;;26;31,01;19,27 %;;;;
15/11/2013;ZU;;;15;19,26;28,40 %;;;;
12/05/2011;ZX;;;6;5,85;-2,50 %;;;;
05/08/2015;ZYNE;;;14;16,25;16,07 %;;;;
16/05/2014;TRUE;;;9;10,06;11,78 %;;;;
